segment_file,label,mfcc_0,mfcc_1,mfcc_2,mfcc_3,mfcc_4,mfcc_5,mfcc_6,mfcc_7,mfcc_8,mfcc_9,mfcc_10,mfcc_11,mfcc_12,mfcc_13,mfcc_14,mfcc_15,mfcc_16,mfcc_17,mfcc_18,mfcc_19,mfcc_20,mfcc_21,mfcc_22,mfcc_23,mfcc_24,mfcc_25,mfcc_26,mfcc_27,mfcc_28,mfcc_29,mfcc_30,mfcc_31,mfcc_32,mfcc_33,mfcc_34,mfcc_35,mfcc_36,mfcc_37,mfcc_38,mfcc_39
fake1.mp3_seg0.npy,FAKE,-211.27866411716275,109.89086476188773,-30.25297233591236,43.91646200832382,-5.118805294976419,11.651573287737534,-0.2503483588660909,-6.23751255007246,-6.600132907163669,-8.874263923410622,-10.279856340487292,-1.7773209191457802,-8.706056740537555,-1.923601784556937,-2.2251185521857426,-4.271769873453198,-0.29743685290757954,-4.700588031107311,-0.08894650621181197,-5.9295540847314046,109.46288377737015,50.93996093198245,44.44927199414249,35.045581459192825,29.20405958559713,21.412580572341202,14.603446992477176,18.440407426711506,13.275189629200908,15.977574939963032,12.900932635971687,11.808127910850269,9.499957221325818,10.002585058610908,14.247608648547455,7.2976889260296876,9.290414641931113,8.34773732685705,8.676815283143142,7.832262373422262
fake1.mp3_seg1.npy,FAKE,-205.43021748334334,127.69719277758364,-28.085422195318564,62.59366853431079,-0.17546240451133197,8.775743271647004,0.868478646125039,-12.323306554679293,-9.385394186416475,-5.866877545771544,-10.634933213670802,6.817627863543755,-4.417831155002367,-1.6413832768985015,-4.956155000078262,-3.9587602393371926,0.11186787099796858,-5.260818923399311,-1.4919156269008973,-9.914999935832848,52.323964939305796,36.20454649360355,35.45563517172122,27.27186896937087,17.39957062330218,26.834555370470973,17.579160854151176,22.22286892673466,18.54999222587662,15.444434828273963,11.908191848295955,9.943573428174902,13.235432236013118,8.536459895024265,11.548312506204933,11.97702538527349,6.266844902358511,6.744657591402993,7.673498110624417,7.739379930206275
fake1.mp3_seg2.npy,FAKE,-225.60824224642695,91.95781309606456,-3.1957629872895015,56.07846090293456,2.981178626308243,26.643356718943092,-12.78910705078028,6.3865640281989355,-8.368107358250674,-2.554542038065889,-14.58706702376956,8.02199729215244,-4.899047110809618,-1.2819202882025216,-5.351562164042232,-12.323346373297408,0.17984673050094413,-10.8670921437855,-2.325711983010487,-5.318162284172801,50.20210193981418,58.59167878067567,41.893452761058164,30.334868326535087,27.77869612817032,26.406843881413618,25.53185315345037,23.293204600032677,15.884238917659045,20.71671428436175,10.654264366756454,9.217646993766596,14.822540807112743,10.528631246961238,11.665306529003482,11.191997049623973,6.584623713563681,10.433674410695968,9.968588891050365,10.203363841726409
fake1.mp3_seg3.npy,FAKE,-259.23201381502355,135.1002920352849,-12.581245535291073,48.66362813294509,4.462226083421571,16.223253993009532,-4.487154910631238,-5.609907612457513,6.352341609172803,-8.29481481709065,-6.306233750046181,5.969228485968495,-1.7245214407233576,-1.0035531230609325,-9.087859504502767,-9.580265825136408,3.109571771244313,-5.86857118228205,-6.148565955123268,-5.22716226641356,106.23203645471486,40.56255097599981,32.92519544489397,26.99509328800417,20.75454296758974,17.450008985134936,17.540196988211772,13.462206191705903,17.14438410047691,15.855239834099585,15.67205917865736,13.67823815087562,12.802625891473939,12.164682513845236,8.836269426357816,7.213988901802461,8.017935911900011,6.9935160823581795,7.408985031113759,5.746631899523195
fake1.mp3_seg4.npy,FAKE,-243.3896911777778,112.87943140619694,-8.063710579520466,44.6023086440586,-5.4469675192199665,30.495548905551825,-15.950732934681168,-4.265465692201462,-2.2140576794214013,-1.5634998926823187,-15.944963450842685,4.218570114930004,-2.3733193273802105,6.333205361729861,-9.636423976296035,-7.929938892679259,7.534021803795764,-9.34973939224188,0.7242080950383888,-9.74170642717756,60.15024042322109,62.32200572850142,41.59164477153337,22.592041008992748,22.31281341644273,31.001886802650148,24.06363887310307,20.678224782447746,20.423409733003176,14.745557210337509,10.953031530826049,9.422871342740306,12.672264744303659,9.80899628072659,13.341769165693572,9.598300389021814,10.114783243364567,9.76867851019529,7.516488723842744,8.059961674358663
fake1.mp3_seg5.npy,FAKE,-271.66363806362403,125.01331049723107,-1.5620312764033175,43.47368189584093,4.67453461756031,13.468863066648117,0.073337336413704,-10.0766788146867,-4.100729338735712,-9.821841505422894,-11.642896805023902,-7.953345675181322,-6.024901159152242,-0.7481344485477037,-12.563379535792222,-5.326582358060526,-3.2281204697910835,-9.55506262539656,-1.8171476885230795,-9.654903902517889,99.23767494224346,39.971758882062225,39.99769251781319,23.486788267942803,17.614231895832962,18.7883967456956,14.584084735771727,12.3461422916127,17.887052226513145,7.703332945900751,9.253893435122002,13.330292094558803,9.517820543592459,10.208204176415887,9.097458071704278,7.467769229202981,7.662784754522453,11.61555276786732,5.555731181021593,5.931688748784108
fake1.mp3_seg6.npy,FAKE,-321.4174360963926,73.43962871415592,-7.02159918442419,43.550652666971736,-4.542726271862249,25.974664871934237,-8.511338326244383,12.765106048745746,-0.6517232963599446,5.079635120557693,-8.41134789894754,5.9461150206029,-0.3511441296123378,4.412801839691171,-3.2849780472696213,-3.7836150421736194,2.4754744284297616,-4.464176011911032,1.9436264126370284,-3.2308441673136032,162.57836774199782,62.65933910175325,34.31847509864084,27.415318472898306,21.064924013475274,20.892347365410327,23.526411502875483,27.10777438483321,15.777163289793817,18.774370348777605,12.92387958990465,16.218575241156003,9.632740432249797,8.46702010838737,9.471538626596015,8.924029817610995,7.791594348340371,8.603155606539653,6.581036230195878,6.143359797310981
fake1.mp3_seg7.npy,FAKE,-214.4087756261767,112.34054599059418,-20.84001919021925,52.15146981419418,-2.2585275821491773,18.37411982646053,-1.024304245729394,-8.824384094373498,-3.7496266238847493,-1.8425835848694285,-11.061638817751678,2.7933893096370457,-10.61510997482235,-0.8750341882367998,-7.100225536953318,-6.069703200947449,0.14221585073251064,-7.2850045142179,-0.5100724667760783,-8.557405261756859,62.17167938032688,63.872685522672306,33.4702223672838,20.339658184247124,25.041642382537226,21.16367801464108,15.648799963562666,23.377763129979947,12.852441306409712,16.463035663700634,14.899546882785504,9.13049918562498,11.313987877638969,7.553482380024194,13.93272897681069,8.294967845683844,9.321411830999995,7.909787325367222,5.73852759105512,7.389401888682182
fake2.mp3_seg0.npy,FAKE,-236.74941873722298,76.60299702869717,-18.292313181858425,51.61107542954151,-11.185314587513743,15.913499645502514,-1.7139693975910353,-0.4024026611082437,-9.21347440451946,2.754359019857714,-8.736750905226408,1.6916810037206005,-4.432024136248788,1.9625763708677118,-4.953025916330442,-5.49801787765822,-1.501570999318905,-7.57054066941605,-0.20274179492476055,-11.410164374500896,108.8692666753449,88.01824808156962,38.66026334771662,32.13925494913773,27.666399375073887,22.446670746121878,20.04907030744751,19.996411710084164,16.592597544826116,19.677445833349903,10.171333036604365,9.514527210296073,12.595597026403581,8.72902945651088,10.103076549322527,6.811918549975917,9.638866481545453,7.494165751769338,8.238120212903203,9.808379497153854
fake2.mp3_seg1.npy,FAKE,-208.81066283844802,98.37138117689923,-21.73201577311683,69.76384198253353,-6.529051654527185,22.245685109192873,-16.57050151518885,5.811533389009236,-7.526420543146594,10.583806581503884,-14.856323367225206,7.793582879150978,0.08760805070666727,1.6878368616326418,2.171131639198686,-6.118887075163719,3.223816646898632,-7.7176477687915055,0.14666270591878816,-12.288594462025031,51.97974295408031,78.3609085413104,34.7399067915669,35.80245133124844,15.523779622422186,29.455282907664888,20.732077596035456,28.072878331544825,14.744054420810212,16.133558734959294,10.244012428656164,12.183317510039767,8.628930308697756,8.084455205380998,12.037657110504265,10.136927279793381,8.421270353357615,7.2999996543389445,8.048712377903593,7.7077716018207845
fake2.mp3_seg2.npy,FAKE,-222.8280223125122,114.49320741002516,-20.79788121024143,80.79613964232199,-5.2871311434443236,0.592779255056274,-1.2101756820845926,-1.3940567569758626,-3.956323690749822,-13.496308449206559,-1.6348921203221811,-8.49952494163105,-8.950382656638219,5.01232979898674,-12.745337747468403,-5.473927706727133,-5.19558204682317,-5.9606408843168,-4.537825805419917,-12.401855866539565,46.33990190560988,38.46053028549806,31.897761812428346,31.63902591577045,21.666739100947837,14.23820880226289,16.0313412084599,15.561578240891123,16.943030484833997,13.258086705160935,13.843805248334885,10.228316428278198,10.986733756289112,8.164634883000573,11.94611105470557,9.052897155591385,7.2479828859751825,7.052291206802474,5.9130412294663195,7.0060596138949105
fake2.mp3_seg3.npy,FAKE,-321.8809736727459,105.06099403637214,5.602688137395109,29.590028709619013,-21.875444540636277,28.13687417736713,7.491110493634286,-2.7151575692751244,-1.3299388380781578,-2.5329737694857126,-8.976394159285421,-0.8571176382279858,3.623438872742641,-3.8045121095339387,-9.116738696639795,2.24064935370882,-7.575494869299513,-4.8035180636491654,2.329003705097777,-14.392067812481592,148.6057539667725,78.91614600618423,31.327461730209208,31.659108203591778,34.853105438479375,19.553557763269644,23.661366541169414,17.362076314032223,15.486304391756164,11.296047209837772,11.231614171619846,9.303906021580328,9.792075099382457,16.512385455558277,11.278632450212132,12.268904304910723,11.660119879230654,7.473999637028077,5.450343504076542,13.03766872907412
fake2.mp3_seg4.npy,FAKE,-267.7026975063308,118.0606228628114,-3.99730061178892,35.125256803195796,-6.090349008799132,20.422215650603878,-1.6572288309003544,-1.926768777680724,4.463477594539508,-1.651318914845556,-15.324617330030424,4.612729391595702,-7.0636464370612115,-1.6351593912472167,-5.1987131029728175,-6.837470940007275,2.3408683374945287,-9.410145678144842,-4.956866979412069,-6.274512926920238,90.70024235511801,79.92169748604901,34.22364379141893,29.423752923509795,27.775232001399498,24.395397658797734,22.457973580403557,27.144620167668755,16.662159196063644,16.253629764784712,10.717460218192272,18.116446802641274,12.810288778955465,12.62939443117672,13.136968607807223,9.17155673927645,14.989565721035403,8.225220173057217,7.112153434454585,7.077373624566948
fake2.mp3_seg5.npy,FAKE,-241.78551545300695,100.57368722647698,6.0653835975829375,86.8212032204942,12.348839993277647,9.285090290840877,-2.8147877053375,2.691279468246707,-6.888981069383458,-13.87339133818836,-10.4904733878413,4.02996934920147,-13.813643900850469,0.8474410975733048,-2.5764728743512637,-9.159566906903635,-0.4467876502866217,-11.340150605626144,-3.8457834271423064,-6.524679696996784,64.2016114377471,63.59756847167618,28.954601462927293,29.29653545242059,22.59185592017872,20.640138528216443,12.30874709822078,17.810721446834634,11.040679041634856,19.52296853459192,11.781235647651142,8.624093266334206,10.329275083883617,6.174133024436738,10.51823566082948,6.563688253553768,6.065719182001871,7.355961652921518,9.018222709130598,7.143813101051893
fake2.mp3_seg6.npy,FAKE,-258.7991362682103,106.68428165685154,-6.640944183909701,41.4023514224469,4.670008375635666,10.184744078387281,-2.4473349458158897,-4.748061610515712,5.302591796435896,1.5120074171649007,-15.260129669034455,-5.873286048484423,-8.234582007424368,-4.146814629538769,-12.334553757953215,-7.379379536028416,-2.635358561619234,-7.223431784768971,-3.784906803494268,-6.270502128096809,132.25246088341837,50.450365882322764,33.91296191017582,23.016536638500835,18.91567204214266,14.362883797829127,15.005234521519158,11.766744252115572,14.753720632105944,14.35125347174165,12.650991123133057,8.983160873486058,10.473845044972375,10.683401235098733,12.861583814013446,8.404703826090062,8.438320341661646,8.567297231921062,5.946386365641695,6.606461628246806
fake2.mp3_seg7.npy,FAKE,-217.66895471676398,130.7750447560463,-11.622894628404232,53.902278813157864,5.972985321586049,17.591998806827014,-7.708250797015077,-4.4706521503335255,-4.972386833302632,-3.98502226316861,-8.760102666120043,-2.4784709105094724,-5.050689240279395,-3.331151510111501,-8.319846239524368,-1.3049963018857154,-4.387911306242663,-2.842516288075806,-1.5973104110140774,-9.862849716845053,66.55029257894225,43.584984101609805,34.27399470666853,36.50142173075545,18.89752277853559,20.080791679613192,17.439694744486328,19.164800576355123,15.659682232671559,17.765251091528235,12.96346597906549,17.41612121859746,8.346307940027925,11.878083833817005,12.482638002879092,11.000589937166406,11.631545736064023,6.945961035755239,8.134130561848686,5.565638547145923
real1.mp3_seg0.npy,REAL,-212.58201985078347,100.5822113189597,-5.820733684493786,23.712588205056317,-7.723737876365889,-7.376423924248622,2.5986278820824733,1.8438574725610304,-6.12271805107061,2.4965842966241323,0.6483245562978699,-2.37924284835746,-4.6136233365109565,-3.3015822806208517,-8.415695780037785,-5.1414810558091295,-8.06865759723525,-1.800628567556282,-1.1155272652803696,0.11645651698902304,82.55577138147224,53.39006518088956,26.395039092318576,32.48526961452515,14.906238113234492,18.448356343066422,8.429122863164457,7.594711077190754,8.0312127743663,8.438801081982273,7.55353634204568,8.726547574121376,6.709159803227188,5.950476045901584,7.234543679544213,6.266246802610584,4.458240552899576,5.474161258995957,5.996371252327111,4.27442423963131
real1.mp3_seg1.npy,REAL,-190.74204339055999,104.49047597896124,-10.17606470228648,24.538473080733862,-0.23310818623068907,-12.672063166019273,-8.239780096661983,-1.787797892710027,-2.520199768856458,0.5554044135168793,-0.9361943908863964,0.30435433644841275,-3.950288137937749,-2.4326922177680896,-8.366267037108948,-2.9544861394316113,-7.200424718297253,-1.00371728417637,-3.0809951123210606,-0.0311322350389891,44.40388608061303,44.307439129295176,22.396093644542436,19.963733238459383,14.103862883713157,15.39754858691686,9.330429793205127,11.681328595526344,12.335105598845246,10.066502123451059,7.240025670108347,8.135435927914662,7.298041709752452,8.55388068024483,5.7152920627654265,6.051040312148901,6.509892736169688,5.622487407429457,5.088251555431068,4.978805963300771
real1.mp3_seg2.npy,REAL,-192.24992413428808,113.23553830536449,-1.4034726606560404,32.93047385627986,0.3265216438399195,-16.719464741233985,-5.289047649904888,-0.7936389984553432,-4.694664024291968,-1.0874556145587329,-4.822779307878888,-1.9644690541988248,-6.336379258728681,-3.1723150043190724,-10.981744416584986,-5.398327848456006,-7.513486678930991,-1.0277688320046463,-2.840864358016418,1.9518918476678961,34.36682704893655,39.64347754571017,25.960152199656214,23.319647570222692,10.785133285876123,13.6602799559891,8.169085077813078,8.614718986463654,9.15906562898377,10.126947230617404,7.870136158002149,8.36539402061548,5.498947706040413,6.286260763012242,7.544999712586033,4.779569228244052,5.993602846200388,4.602832594345983,3.223563238558522,3.89818602209141
real1.mp3_seg3.npy,REAL,-246.60009023806577,85.9997778299764,5.675868720845287,8.802199776136515,3.387144933215883,3.2539791103570868,-2.23510535734187,5.673739700217067,-2.3108874676849305,3.2316277292801114,0.06769670482880712,-4.975444575125754,-4.0124346855160615,0.46139432493416427,-9.216235735143222,-3.6960492747043316,-5.11614024320867,0.9821234999869141,-4.416974284018669,-0.5291318899858435,68.38829608929456,56.433074949643235,26.402218468248947,21.752246911437066,15.073057327558544,17.127881409008886,11.94998351221508,11.450677301645811,10.198686469618224,7.9911232427096985,6.350721123556012,6.700116201389791,6.955900975368617,7.601368090411829,5.823605801419925,5.63631233625056,4.434982143963824,5.553614308404494,4.456491538391893,3.3998275114711323
real1.mp3_seg4.npy,REAL,-148.52887576132196,123.93878930796815,-20.324212861684405,12.7146809246977,4.910034948742983,-2.5549349486491697,-9.847317461910217,-15.629422137120487,-2.1905939234545473,1.690579925518999,-2.0896068955447897,4.744268410207176,-2.3306456710800423,3.7167729300732124,-8.811449610267728,-2.001371663156894,-8.501017065051771,-1.1605378136384912,-6.179020579594347,-2.0683507778103443,67.18130501388987,39.33939437398308,33.59610054029673,22.01510554902816,15.356226992389225,13.834141767873392,10.92720629534895,12.097809685964956,10.083300868483883,8.128946418957607,9.838309859000477,8.09276833140817,5.3836606676997585,7.0546599851893586,8.222573829734111,7.318318619620874,6.413711497659403,7.190727434876448,5.165610459702427,6.127276312530381
real1.mp3_seg5.npy,REAL,-172.01722574517822,107.51941019296648,-6.6761944942025195,22.600216254028243,-2.525127236531878,-1.1079412029344409,-3.5365329491754625,-7.585285135730189,1.1886030803538212,-4.498081670446137,-8.034162418606705,6.025961941395141,-2.762763277293357,2.2758282375452485,-8.822576066577458,-5.119564159633185,-7.429198009253612,-1.1752806568913592,-3.7484216914358868,-0.30861503490274617,44.10283249468573,54.621722282408356,44.550353746008696,16.222183093983507,11.83264740884845,14.122110670794118,13.686891030493056,10.615138102398843,13.234475475505208,10.082651271902881,10.325724689180324,7.783051790892793,6.225007727473321,6.460898985658361,7.569171751810785,6.876335464262501,6.087384731550597,3.8949829815397803,5.960600639945218,5.721578489955211
real1.mp3_seg6.npy,REAL,-204.63408129952342,94.29203710472488,21.27612564856694,36.935376653647715,4.438663334955432,-4.0705910980101345,-7.123838081489954,-6.601800878124492,-8.431444375494385,-6.154275361091845,-7.612668324759185,3.3807805253633587,-2.3458074312393853,-0.20395197774781976,-9.240767963183593,-6.005140230069284,-6.388735713755067,-0.6062955965738168,-7.60924634920278,0.005006264165576883,57.17676154884273,62.604308057667666,29.091760948969096,24.89587276774012,9.973404709278366,18.332056225521377,13.321683597378424,9.279830681255017,10.252759849093355,8.96260267813992,6.0611595178034205,7.569080591107134,8.556411048631887,7.477186789041323,6.483983207620235,8.209190725803419,6.927872107599592,5.897056012066529,4.640187336031142,4.240403811224969
real1.mp3_seg7.npy,REAL,-217.54375714951402,72.26437278972107,11.61834387818758,31.446500426426123,-0.026631487116704367,-2.302077630099059,-4.8928322360811185,-1.2499641978413742,-5.44289144242791,-1.435032684702217,-4.365398984227263,2.792061212668519,1.4683135741055968,4.222159098442232,-3.8399942072410385,-1.831371220341759,-5.685576792727755,0.2745476095971384,-6.330606742931523,0.3732606984354275,67.71401692383166,63.913288352003455,35.243511014503596,19.877967686010923,8.325124379099996,21.28537987631353,12.817997981057177,11.407157485627271,9.693485197057967,10.69387258641946,7.411733456391577,6.9502512457688574,7.0959960672497795,5.472215890072441,5.933815707697608,5.935090992246289,5.9177711597105,4.110032084138209,5.501709069238379,5.4061837342
real1.mp3_seg8.npy,REAL,-192.80978117489815,114.5766030095124,-9.706378969046003,21.128798494462085,2.5506176538513206,-9.167401158433107,-8.467828188718705,-4.720298292555763,0.0345715660391649,1.526260716855244,-1.5782007870577737,-2.1224886807605703,-5.154541900479328,0.6712800159108224,-8.599623582084806,-7.869307154804238,-12.576558846822174,-0.9338720666246952,0.19233486159685817,-2.2499374890961565,36.29757548394426,31.200340238430137,24.71140355766944,20.336862139287522,11.297122205814913,12.98987322896804,14.024043027395226,8.813912011405474,10.72137038779991,13.01964612559053,6.702277145364086,7.374694198269416,5.583445846706216,6.461614565914459,7.530818060968467,6.835829681730924,6.23896305328987,4.829987730444376,4.663524495805545,3.7379878137337914
real1.mp3_seg9.npy,REAL,-208.90333642951455,124.66764401035198,-15.823445602959486,17.436804138970263,3.8323000841493298,-14.004078145465876,-8.805912235084115,0.9827972580540333,3.5057054829258267,0.8577066195406186,0.35235676051337,0.9699110688544134,-4.277229299080878,-1.0143559869878467,-10.036980649520423,-5.324626920279955,-4.727310854546214,-2.781288895184456,-2.4831104412154974,-0.5562126040338133,70.663522080658,28.908714063035397,32.25481547169072,21.068903940129275,11.812632488743574,16.620219961808967,10.849613375848596,10.487264581948317,7.675836959294265,8.206261493317983,6.868150355550718,8.019669500909089,5.686159544928199,4.047977708578849,5.627699984914324,4.62941148021943,4.107062686047895,5.933702578572038,5.63288422757381,4.122687756230972
real1.mp3_seg10.npy,REAL,-194.50312431551947,109.93396116467869,-1.2872113032670562,-0.8316172304226178,-8.517111931318494,-2.351541690053931,-8.621856115815042,-5.091682734215462,0.9079600938603402,3.115836602438218,2.71174516845566,4.762226915165685,-0.9940338066948098,2.3593204159355,-7.112947827294793,-1.0470799085084623,-6.547095846028413,1.2517966497414525,-6.355540067204472,-3.1990828379002854,72.3386179178788,68.50532861824769,30.860397392240678,17.05868639153938,17.714736703455642,14.192256889138053,15.135465140049703,12.945840319186257,14.010030438977928,6.796653072661953,10.339390993203132,5.221407449687793,9.804334378915566,5.4602598714882165,6.329326853781715,4.667195107722672,5.262270262576593,6.755324823850065,6.073858720526191,4.555863218321894
real1.mp3_seg11.npy,REAL,-261.35146374030575,97.08773655736464,4.107773597420708,28.05258969034742,6.3393143712246545,-8.696108010802915,-1.506558295881971,-3.0280627579846384,-2.8776399230944336,1.230234538050279,-0.2214283054421748,1.9830907613659996,-4.525596349953597,1.7987556405667304,-4.015014593133997,-2.6666025920376732,-5.1814738807846945,0.08406965329656063,-3.0111008342597927,-2.0967285464842784,92.90790592342967,38.09552163167924,30.411764048977115,24.639444558480502,14.491174549113445,17.41114354788647,15.912564356343577,12.190470586592562,7.7437018334750025,9.666680329466937,5.239891358109064,5.844460839949895,9.9035351593591,5.667522818568133,4.784643843407751,5.096098048627544,5.378460216868577,5.761723120900406,5.733350877880814,3.5048908489164927
real1.mp3_seg12.npy,REAL,-156.55993566442845,91.43107972184693,-11.95521906047138,29.01563390049844,12.80079970522962,-10.460595970034634,-11.159163893673455,-10.112947493688644,-0.653861835947557,2.970375774847349,-1.203746523368672,-0.14656926362793368,-6.504203199368707,5.188437207578397,-7.320605156560642,-0.22796330403116405,-7.002072172087652,3.021584266849874,-7.539980354725146,-3.771783270110821,24.049453345065846,56.12135906157234,26.122608741063388,16.754447875391758,9.074974641798146,13.262798908791066,9.571813970660973,15.357091198305875,11.520258604098743,8.579137610930532,6.623920171504183,6.89684762372305,7.0082005045460125,8.101939639716417,6.643836816914012,5.883847274108865,5.862157085017689,4.300899483571934,5.4475793231391565,5.3218403108857615
real1.mp3_seg13.npy,REAL,-208.6473897533353,120.9356750263503,6.425717505305403,6.701351062737447,-6.328146745242939,-1.7566567047695607,-8.97711396073336,-1.1088907412660556,1.3903379633711783,2.3114500140229626,-2.055998828298195,-0.5307105176109105,-6.157118194059981,-2.1896155200447525,-10.54184592840867,-3.7755795199532582,-2.3045213339340327,-0.050724360447918476,-6.227880585289532,-2.6065476083309878,55.02040525671192,50.06463377498402,32.67485657568877,21.78848465132716,16.853833968653994,11.007565228065282,16.653710631989874,12.795398672586952,10.076102688374185,7.695658290459803,8.69118203186541,6.897224438084356,8.574540674661137,6.185210529816306,6.131095012983269,6.027032799119837,5.528801826049727,5.473686075331427,5.673780515284307,4.645632569286664
real2.mp3_seg0.npy,REAL,-216.90637511044,100.69255247657634,-8.067481260431794,17.04223421201633,-5.7260030645694915,6.654729687477293,-11.56375367540763,-10.06127352327896,8.305988751873306,-0.7137018807006232,-7.407581950175156,0.9240005314172244,-8.514339524237947,7.381291170378353,-6.574373617891203,-10.080007525464778,-6.442986873908676,-1.997044153908009,-0.9125669669294997,1.1265248509108032,74.70326362000037,42.15475760280446,29.401251088950847,18.4145437128983,14.441171464119178,12.586116770476343,11.613948510830637,13.218123243343024,10.228184048443294,9.469631325892408,8.846050654926229,6.6166682368594945,11.750333844086569,5.909718649777321,6.068425279478933,6.777648548932596,6.746019399552974,8.249742656585822,6.0979271913363755,5.275931598239234
real2.mp3_seg1.npy,REAL,-272.59981861478144,77.64677061473854,-5.008725076333409,34.91631783137013,10.933107081057615,-8.683892273492157,-2.6955576152856042,4.272285633493095,-0.6883300516162724,-2.7777470466493375,-3.748809737445533,3.149965338559424,-2.1097277483646053,1.4648873702431187,-3.6961818093391936,-0.208584863707019,-5.556481310573326,-1.3772594176776747,-2.128111577607775,-0.45653061810822426,72.71226427302199,37.4841352176226,20.860799736566,16.411928420550048,15.772934270292899,15.5064883413719,14.409087136184993,7.73312027793524,10.843582157301116,10.258375060047788,7.687129223310904,5.420348548340629,10.049938409591386,4.762725054316647,5.2273411759955986,4.721737017976296,3.6336639789940164,4.641340870106398,5.09954749999797,4.3650344157877115
real2.mp3_seg2.npy,REAL,-202.44531381666258,103.34079613947884,6.123024855540626,32.91236158679906,-0.5667614962319493,-9.201323924158316,-11.129577938009072,-0.5647202949741016,-1.934507845873594,-3.793485584032829,-8.123952080832142,1.4197674326827672,-2.8951459815502676,-6.709927523572436,-13.652381010089437,-3.5581552276470494,-6.666846816533419,-3.295438836899974,-2.6392063765867393,5.328392451531125,73.21529270516936,50.94070856160181,32.07284419036301,11.401829363830144,8.532839807669163,16.070034545600755,9.840731304253698,12.369461155942192,10.175116777332864,10.801773774539447,8.008427938257846,6.5752518076360165,7.702550392080294,9.361386107312308,7.5728458538172765,5.00147336039544,5.135063621803419,3.998002413799595,7.226548974938681,7.970148535979916
real2.mp3_seg3.npy,REAL,-175.948706923145,114.36856514056716,-15.203691856934107,1.4009955225670134,-13.498679214686893,-3.2977809307927415,-6.794604021211563,4.328921902408568,-3.951075297142721,6.900088158654513,-1.5239107904675568,1.7758231743846027,-1.21621763646748,-0.8936165001220723,-9.102254778367628,-0.6457995771288422,-8.524913302264178,2.4175787115613225,-9.8791717948477,-2.826041039947336,34.29390487503967,61.15475111327457,41.45285968449893,18.407348850017925,15.195317829660496,14.066130981986724,13.397605949562315,19.57793053883417,11.479582693530382,10.201719380962015,9.6694470424632,7.717430199880786,7.746226933199053,8.428552138159331,6.509265489009592,6.629566523819193,5.291208742254112,5.97892999953492,7.298371527967455,5.5252440166475365
real2.mp3_seg4.npy,REAL,-192.7339950468415,130.83396493772156,-12.46990167446515,4.973973860312427,-15.990441766642409,-9.570279130276965,-0.9090816449909714,-0.5765821029319945,-6.569067835239164,0.7966247548964387,1.4086501823134687,-0.6286380154511638,-3.9533449692057974,-0.4781637492773061,-10.640063364314614,-4.122493923780734,-3.997208842683901,2.3006592316966348,-7.677611639100646,-3.3690796954577693,37.984830979646546,50.651642324090616,37.09211120230755,29.230096897562156,20.811590646675327,10.681381072511233,13.381042819834596,13.975046242081554,11.632168355076049,10.704953140100134,9.063202313042455,7.400942261756462,9.693912696243629,9.896628134233477,7.074339937899654,5.962497130462164,5.812771681831722,6.977961550718216,4.384141332587139,4.32520536462955
real2.mp3_seg5.npy,REAL,-307.7118235773484,94.78790325357708,19.038249686854137,21.63619131653953,8.788281191541895,2.2482950404455,-4.391667882112288,0.7536874323494595,-0.7763108403066051,0.6541739698910328,-3.061214038525739,1.1112160165113407,-3.253872897065787,-1.1501980173356852,-7.371573812321157,-4.719981797524185,-5.93784899490511,0.7715444107869672,-4.86435664661169,-0.6380642219179139,71.61978160559389,30.200056674440056,13.745731582996521,12.548388858050686,10.973572077334344,13.552091653422533,11.345153194401307,9.238579508668959,6.507536323575409,7.429165384788607,5.134929666337048,5.800471382244286,4.533331854211398,4.654764936062837,5.849133946841964,5.2767837901826296,4.932058583016045,4.825175363206325,5.2212539332811065,5.460277697871171
real2.mp3_seg6.npy,REAL,-232.04490795343972,118.64050474999935,-0.3129996729317597,18.00867291776665,2.689820188410016,-6.774965027588174,-9.880624478426157,-5.706303603238378,-0.7098122861196683,5.857117770229152,-2.6586080085410404,0.621955640217791,-5.127625596872352,-2.319966748200669,-12.473071934326164,-5.78366805132743,-8.104263265387003,-0.13967941641237536,-6.223943165912946,-1.9629175393090186,82.12874489820325,51.41327187560347,33.200594846955575,25.970697123183864,10.777861028637476,15.583084709170903,19.246870065915164,12.187133035127815,9.916637365207697,8.471685827164809,7.0706529783155005,7.715584042694128,5.813400077159311,7.506517250022522,7.652754903776735,5.539383936127466,6.779076539191464,4.382661093898458,6.094920782058564,5.339862954703914
real2.mp3_seg7.npy,REAL,-230.40875793347487,134.30066864298135,15.010164157141087,4.995796167096713,-12.226780799544175,-2.946660319509448,-9.813024871813475,-6.0706826034024175,-5.74357627672327,-0.025465358100278793,-0.29510220661080844,-0.15747304207301654,-4.710538439628172,-0.0128258238704762,-10.89871596571952,-4.924862774725286,-5.865271711800809,1.2444813373966233,-8.562906274010395,-5.293481980798387,48.794917450708006,44.13295042099876,34.795922529477565,16.72718599309883,14.08415349150689,15.447947168958843,11.025099452258004,11.49125260400837,8.836956875325434,9.783251306685116,8.135205756037392,5.23745102119123,7.2713365922311795,5.718581764918809,5.80752031790606,6.1000630179135324,6.196084557417485,5.5830656087185115,4.907986891273767,4.091285834243481
real2.mp3_seg8.npy,REAL,-214.92270729443078,79.52996588587756,-7.644555815122428,25.057583310696145,15.4951528692071,-9.235913126850527,-14.759745298947951,-0.4534641478111924,0.22426526288239493,5.122625877158739,-1.8300305632460019,0.8772723488212844,-4.280801741618595,4.772802791358936,-4.0436968453759725,-3.370665117869197,-4.222698330532181,2.24981284807382,-7.7221170428524495,-1.7438353483958813,33.29232802295109,61.48227129746421,33.45270824494991,19.410826042282583,14.155971688101909,17.679498013990273,10.279415386617654,13.233774184295118,11.157647393265389,10.31154545716051,6.258963249050021,8.87389264553232,7.703741242357495,5.201438182669311,6.964445845919454,4.7645869199519115,5.1222794412361194,4.903108463184004,7.6394936904321655,7.568483852012546
real2.mp3_seg9.npy,REAL,-243.83935153512041,105.61281293419,13.648160546122773,37.315699646045424,-1.4538479009710281,-11.756273928718162,-9.36380283093893,-2.363936333582088,0.5609843203268015,0.7275296410351605,-1.5819843362489687,-2.6908014927360107,-3.9908233828803263,-1.1709117041778494,-12.493532649514272,-6.547623588027526,-8.414613287899433,0.23874193635041532,-2.421572384917596,0.09855375409161451,38.89159749811888,39.38175277256437,22.871303996747876,21.22133762349597,9.488233449067,18.232986602326513,15.085571805545928,6.706243647617662,9.48816001274367,5.737178238514512,8.457211793443562,6.432220393276759,6.444476282497909,6.340194731509666,10.08159321097169,6.354721186910438,3.7465524457994466,4.024734415136711,4.6902316770750865,4.460369654441727
real2.mp3_seg10.npy,REAL,-291.62763324863863,68.49077746605619,14.808250116162975,34.771214043190234,4.3947370991645744,6.63292080670374,-3.7627058671343905,5.3777390989733,-4.087276585904622,0.7983699947746953,2.92136664745625,-0.6500836021629322,-4.7773048935403715,-0.020023164845309763,-7.747817503491844,-4.451299321486714,-9.57915513114,1.0080860342918552,0.9655390198735995,4.4031741224136045,55.28012113410818,29.6158135752532,14.81468506114942,17.70188821137032,7.577363998708645,15.604629993571674,7.892042555337925,10.874011165247252,6.927748411415755,7.876246006402792,5.569191934179284,7.008569904571526,8.068785089050294,6.654787206971309,4.902693359871123,4.352570677109162,6.5621789926038705,6.127655697647977,4.555838099374229,3.8879743514238827
real2.mp3_seg11.npy,REAL,-263.04337463488133,110.82023820002154,3.5841779481189473,19.035094774191723,-6.507117652289785,-4.300301466463355,-3.9199818317753117,0.7171356207676739,-4.853271969279252,-2.751737448781142,2.4759589306812404,1.046789733606821,-5.371027723715074,-0.594613269575471,-6.7735869854977295,-5.451256446924816,-7.561337837151772,-1.4576699069911958,-3.248938315749703,0.03530276516608876,95.79627280646407,44.296180896526096,29.15265320241614,25.158713545881838,16.584605457766095,14.501472844107159,10.445816190593433,8.843894768825749,9.064080340532646,7.853007231313694,6.623233900777942,8.561127835314538,5.138648239593,7.1209189096691,6.853685359281369,6.483715223776952,4.687007717026829,3.915475597627512,5.110073188341829,5.968559761398933
